Batch Size,Seq Len,Gen Len,Task,Execution Time(us),Batch Size,Seq Len,Gen Len,Task,Execution Time(us)
128,128,928,Average Summarization,1629822.7310180664,128,128,928,Average Summarization,1791597.1279144287
128,128,928,Average Generation,6135.283164607668,128,128,928,Average Generation,20930.52915513451
128,128,928,Summarization,1629822.7310180664,128,128,928,Summarization,1791597.1279144287
128,128,928,Generation,74915.17066955566,128,128,928,Generation,186625.24223327637
128,128,928,Generation,5580.663681030273,128,128,928,Generation,40113.210678100586
128,128,928,Generation,5554.19921875,128,128,928,Generation,23864.269256591797
128,128,928,Generation,5483.865737915039,128,128,928,Generation,24093.3895111084
128,128,928,Generation,5487.203598022461,128,128,928,Generation,41908.02574157715
128,128,928,Generation,5486.011505126953,128,128,928,Generation,50364.017486572266
128,128,928,Generation,5484.342575073242,128,128,928,Generation,39520.263671875
128,128,928,Generation,5532.979965209961,128,128,928,Generation,64081.19201660156
128,128,928,Generation,5496.025085449219,128,128,928,Generation,63045.02487182617
128,128,928,Generation,5468.130111694336,128,128,928,Generation,2011112.928390503
128,128,928,Generation,5519.628524780273,128,128,928,Generation,22733.449935913086
128,128,928,Generation,5426.645278930664,128,128,928,Generation,19095.420837402344
128,128,928,Generation,5418.539047241211,128,128,928,Generation,18800.020217895508
128,128,928,Generation,5440.235137939453,128,128,928,Generation,18912.315368652344
128,128,928,Generation,5420.207977294922,128,128,928,Generation,18887.042999267578
128,128,928,Generation,5435.22834777832,128,128,928,Generation,18536.806106567383
128,128,928,Generation,5438.089370727539,128,128,928,Generation,18259.048461914062
128,128,928,Generation,5474.090576171875,128,128,928,Generation,17776.966094970703
128,128,928,Generation,5437.8509521484375,128,128,928,Generation,17592.668533325195
128,128,928,Generation,5441.427230834961,128,128,928,Generation,17718.31512451172
128,128,928,Generation,5441.188812255859,128,128,928,Generation,17899.99008178711
128,128,928,Generation,5462.884902954102,128,128,928,Generation,17702.102661132812
128,128,928,Generation,5470.27587890625,128,128,928,Generation,17890.93017578125
128,128,928,Generation,5457.878112792969,128,128,928,Generation,17965.316772460938
128,128,928,Generation,5465.269088745117,128,128,928,Generation,17689.228057861328
128,128,928,Generation,5399.227142333984,128,128,928,Generation,17370.223999023438
128,128,928,Generation,5589.24674987793,128,128,928,Generation,17604.351043701172
128,128,928,Generation,5448.341369628906,128,128,928,Generation,17536.401748657227
128,128,928,Generation,5440.473556518555,128,128,928,Generation,19182.443618774414
128,128,928,Generation,5445.003509521484,128,128,928,Generation,17737.627029418945
128,128,928,Generation,5448.818206787109,128,128,928,Generation,17227.1728515625
128,128,928,Generation,5465.507507324219,128,128,928,Generation,17635.822296142578
128,128,928,Generation,5450.248718261719,128,128,928,Generation,17729.28237915039
128,128,928,Generation,5432.844161987305,128,128,928,Generation,17709.016799926758
128,128,928,Generation,5439.043045043945,128,128,928,Generation,16919.13604736328
128,128,928,Generation,4865.646362304688,128,128,928,Generation,18623.11363220215
128,128,928,Generation,5461.454391479492,128,128,928,Generation,18572.330474853516
128,128,928,Generation,5442.85774230957,128,128,928,Generation,27569.77081298828
128,128,928,Generation,5439.996719360352,128,128,928,Generation,18571.138381958008
128,128,928,Generation,5379.676818847656,128,128,928,Generation,17664.670944213867
128,128,928,Generation,4690.885543823242,128,128,928,Generation,19501.209259033203
128,128,928,Generation,5446.910858154297,128,128,928,Generation,17913.341522216797
128,128,928,Generation,5443.572998046875,128,128,928,Generation,17449.140548706055
128,128,928,Generation,5451.91764831543,128,128,928,Generation,17291.06903076172
128,128,928,Generation,5507.707595825195,128,128,928,Generation,17727.136611938477
128,128,928,Generation,5426.168441772461,128,128,928,Generation,26190.996170043945
128,128,928,Generation,5436.182022094727,128,128,928,Generation,18234.729766845703
128,128,928,Generation,5450.48713684082,128,128,928,Generation,17830.371856689453
128,128,928,Generation,5418.062210083008,128,128,928,Generation,18154.621124267578
128,128,928,Generation,5389.928817749023,128,128,928,Generation,17917.633056640625
128,128,928,Generation,5389.213562011719,128,128,928,Generation,17785.78758239746
128,128,928,Generation,9505.271911621094,128,128,928,Generation,17882.347106933594
128,128,928,Generation,5008.220672607422,128,128,928,Generation,17887.353897094727
128,128,928,Generation,5437.374114990234,128,128,928,Generation,18013.954162597656
128,128,928,Generation,5889.177322387695,128,128,928,Generation,18003.463745117188
128,128,928,Generation,5517.482757568359,128,128,928,Generation,17612.695693969727
128,128,928,Generation,5419.96955871582,128,128,928,Generation,18059.492111206055
128,128,928,Generation,5397.319793701172,128,128,928,Generation,17804.384231567383
128,128,928,Generation,5396.127700805664,128,128,928,Generation,18105.745315551758
128,128,928,Generation,5388.498306274414,128,128,928,Generation,17682.552337646484
128,128,928,Generation,5424.022674560547,128,128,928,Generation,17557.382583618164
128,128,928,Generation,5398.035049438477,128,128,928,Generation,17845.869064331055
128,128,928,Generation,5375.862121582031,128,128,928,Generation,21831.274032592773
128,128,928,Generation,5382.776260375977,128,128,928,Generation,17169.23713684082
128,128,928,Generation,5411.386489868164,128,128,928,Generation,17028.331756591797
128,128,928,Generation,5389.45198059082,128,128,928,Generation,18146.514892578125
128,128,928,Generation,5391.836166381836,128,128,928,Generation,17780.780792236328
128,128,928,Generation,5382.299423217773,128,128,928,Generation,18062.591552734375
128,128,928,Generation,5393.98193359375,128,128,928,Generation,18467.426300048828
128,128,928,Generation,5382.776260375977,128,128,928,Generation,18209.457397460938
128,128,928,Generation,5406.14128112793,128,128,928,Generation,18181.324005126953
128,128,928,Generation,5395.412445068359,128,128,928,Generation,17967.46253967285
128,128,928,Generation,5395.412445068359,128,128,928,Generation,17681.360244750977
128,128,928,Generation,5393.028259277344,128,128,928,Generation,17873.048782348633
128,128,928,Generation,5381.82258605957,128,128,928,Generation,17904.996871948242
128,128,928,Generation,5381.82258605957,128,128,928,Generation,18159.62791442871
128,128,928,Generation,5384.683609008789,128,128,928,Generation,18311.97738647461
128,128,928,Generation,5393.743515014648,128,128,928,Generation,17582.89337158203
128,128,928,Generation,5409.24072265625,128,128,928,Generation,17889.022827148438
128,128,928,Generation,5422.830581665039,128,128,928,Generation,17986.774444580078
128,128,928,Generation,5404.472351074219,128,128,928,Generation,18221.139907836914
128,128,928,Generation,5395.8892822265625,128,128,928,Generation,18009.662628173828
128,128,928,Generation,5358.93440246582,128,128,928,Generation,17807.0068359375
128,128,928,Generation,5360.126495361328,128,128,928,Generation,17759.084701538086
128,128,928,Generation,5381.107330322266,128,128,928,Generation,17960.309982299805
128,128,928,Generation,5360.841751098633,128,128,928,Generation,21901.13067626953
128,128,928,Generation,5396.842956542969,128,128,928,Generation,18688.201904296875
128,128,928,Generation,4745.244979858398,128,128,928,Generation,18376.35040283203
128,128,928,Generation,5432.605743408203,128,128,928,Generation,17891.16859436035
128,128,928,Generation,5390.88249206543,128,128,928,Generation,17845.15380859375
128,128,928,Generation,4843.950271606445,128,128,928,Generation,17442.22640991211
128,128,928,Generation,5450.725555419922,128,128,928,Generation,17562.8662109375
128,128,928,Generation,5433.082580566406,128,128,928,Generation,17467.975616455078
128,128,928,Generation,5502.939224243164,128,128,928,Generation,17443.65692138672
128,128,928,Generation,5519.15168762207,128,128,928,Generation,17068.62449645996
128,128,928,Generation,5452.871322631836,128,128,928,Generation,17055.511474609375
128,128,928,Generation,5463.123321533203,128,128,928,Generation,18005.1326751709
128,128,928,Generation,5443.096160888672,128,128,928,Generation,21975.278854370117
128,128,928,Generation,5411.863327026367,128,128,928,Generation,17767.667770385742
128,128,928,Generation,5391.597747802734,128,128,928,Generation,18040.65704345703
128,128,928,Generation,5379.438400268555,128,128,928,Generation,17809.152603149414
128,128,928,Generation,5393.505096435547,128,128,928,Generation,17762.422561645508
128,128,928,Generation,5409.717559814453,128,128,928,Generation,18012.285232543945
128,128,928,Generation,5409.955978393555,128,128,928,Generation,18131.017684936523
128,128,928,Generation,5406.618118286133,128,128,928,Generation,22110.2237701416
128,128,928,Generation,7398.843765258789,128,128,928,Generation,17996.549606323242
128,128,928,Generation,5407.3333740234375,128,128,928,Generation,18077.611923217773
128,128,928,Generation,5408.525466918945,128,128,928,Generation,17584.08546447754
128,128,928,Generation,5460.739135742188,128,128,928,Generation,17806.291580200195
128,128,928,Generation,5382.061004638672,128,128,928,Generation,17626.285552978516
128,128,928,Generation,5398.51188659668,128,128,928,Generation,17740.249633789062
128,128,928,Generation,5395.8892822265625,128,128,928,Generation,17491.34063720703
128,128,928,Generation,5394.935607910156,128,128,928,Generation,19454.240798950195
128,128,928,Generation,5379.199981689453,128,128,928,Generation,18070.459365844727
128,128,928,Generation,5432.12890625,128,128,928,Generation,16168.355941772461
128,128,928,Generation,5392.551422119141,128,128,928,Generation,17695.42694091797
128,128,928,Generation,5402.565002441406,128,128,928,Generation,19166.231155395508
128,128,928,Generation,5395.8892822265625,128,128,928,Generation,19143.58139038086
128,128,928,Generation,5393.266677856445,128,128,928,Generation,18708.229064941406
128,128,928,Generation,5410.432815551758,128,128,928,Generation,19059.89646911621
128,128,928,Generation,5430.459976196289,128,128,928,Generation,19862.17498779297
128,128,928,Generation,5521.059036254883,128,128,928,Generation,18741.607666015625
128,128,928,Generation,5605.936050415039,128,128,928,Generation,19306.421279907227
128,128,928,Generation,5458.593368530273,128,128,928,Generation,20060.062408447266
128,128,928,Generation,5388.498306274414,128,128,928,Generation,19293.30825805664
128,128,928,Generation,5413.532257080078,128,128,928,Generation,19818.06755065918
128,128,928,Generation,5400.180816650391,128,128,928,Generation,19913.911819458008
128,128,928,Generation,5398.750305175781,128,128,928,Generation,18698.453903198242
128,128,928,Generation,4991.5313720703125,128,128,928,Generation,21742.820739746094
128,128,928,Generation,5412.817001342773,128,128,928,Generation,20354.9861907959
128,128,928,Generation,5397.08137512207,128,128,928,Generation,20227.909088134766
128,128,928,Generation,5408.048629760742,128,128,928,Generation,19419.90852355957
128,128,928,Generation,5368.947982788086,128,128,928,Generation,18305.301666259766
128,128,928,Generation,5385.875701904297,128,128,928,Generation,19453.52554321289
128,128,928,Generation,5425.453186035156,128,128,928,Generation,16780.614852905273
128,128,928,Generation,5391.597747802734,128,128,928,Generation,17572.16453552246
128,128,928,Generation,5365.3717041015625,128,128,928,Generation,17920.970916748047
128,128,928,Generation,5417.108535766602,128,128,928,Generation,18027.544021606445
128,128,928,Generation,5375.146865844727,128,128,928,Generation,17819.881439208984
128,128,928,Generation,5395.412445068359,128,128,928,Generation,18025.15983581543
128,128,928,Generation,5421.876907348633,128,128,928,Generation,17887.83073425293
128,128,928,Generation,5388.736724853516,128,128,928,Generation,17613.41094970703
128,128,928,Generation,5367.517471313477,128,128,928,Generation,18192.291259765625
128,128,928,Generation,5425.930023193359,128,128,928,Generation,23559.8087310791
128,128,928,Generation,5377.292633056641,128,128,928,Generation,18246.41227722168
128,128,928,Generation,5422.115325927734,128,128,928,Generation,17924.54719543457
128,128,928,Generation,5407.810211181641,128,128,928,Generation,17740.488052368164
128,128,928,Generation,5368.232727050781,128,128,928,Generation,17892.837524414062
128,128,928,Generation,5377.531051635742,128,128,928,Generation,17810.344696044922
128,128,928,Generation,5388.2598876953125,128,128,928,Generation,18105.98373413086
128,128,928,Generation,5398.750305175781,128,128,928,Generation,17467.975616455078
128,128,928,Generation,5388.021469116211,128,128,928,Generation,17555.713653564453
128,128,928,Generation,5379.676818847656,128,128,928,Generation,17632.722854614258
128,128,928,Generation,5393.98193359375,128,128,928,Generation,18135.786056518555
128,128,928,Generation,5388.498306274414,128,128,928,Generation,18098.115921020508
128,128,928,Generation,5414.962768554688,128,128,928,Generation,17914.533615112305
128,128,928,Generation,5394.935607910156,128,128,928,Generation,17688.274383544922
128,128,928,Generation,5710.124969482422,128,128,928,Generation,21356.582641601562
128,128,928,Generation,5439.519882202148,128,128,928,Generation,18127.6798248291
128,128,928,Generation,9481.430053710938,128,128,928,Generation,17847.299575805664
128,128,928,Generation,5501.747131347656,128,128,928,Generation,17670.392990112305
128,128,928,Generation,5532.503128051758,128,128,928,Generation,18006.563186645508
128,128,928,Generation,13574.838638305664,128,128,928,Generation,17715.2156829834
128,128,928,Generation,5412.101745605469,128,128,928,Generation,17682.790756225586
128,128,928,Generation,5481.481552124023,128,128,928,Generation,17757.892608642578
128,128,928,Generation,5826.950073242188,128,128,928,Generation,17952.20375061035
128,128,928,Generation,5420.684814453125,128,128,928,Generation,17883.0623626709
128,128,928,Generation,5429.983139038086,128,128,928,Generation,18042.08755493164
128,128,928,Generation,5386.829376220703,128,128,928,Generation,18192.052841186523
128,128,928,Generation,5413.293838500977,128,128,928,Generation,18660.06851196289
128,128,928,Generation,5390.405654907227,128,128,928,Generation,18275.976181030273
128,128,928,Generation,5403.5186767578125,128,128,928,Generation,17990.1123046875
128,128,928,Generation,5407.094955444336,128,128,928,Generation,18689.870834350586
128,128,928,Generation,5383.25309753418,128,128,928,Generation,18023.014068603516
128,128,928,Generation,5389.45198059082,128,128,928,Generation,17875.90980529785
128,128,928,Generation,5416.154861450195,128,128,928,Generation,17866.61148071289
128,128,928,Generation,5403.041839599609,128,128,928,Generation,19623.756408691406
128,128,928,Generation,5385.160446166992,128,128,928,Generation,20406.96144104004
128,128,928,Generation,5401.134490966797,128,128,928,Generation,18565.893173217773
128,128,928,Generation,5387.306213378906,128,128,928,Generation,19032.23991394043
128,128,928,Generation,5391.836166381836,128,128,928,Generation,18704.17594909668
128,128,928,Generation,5388.975143432617,128,128,928,Generation,18038.98811340332
128,128,928,Generation,5395.650863647461,128,128,928,Generation,17851.591110229492
128,128,928,Generation,5412.101745605469,128,128,928,Generation,19057.035446166992
128,128,928,Generation,5383.968353271484,128,128,928,Generation,21943.092346191406
128,128,928,Generation,5377.531051635742,128,128,928,Generation,21059.751510620117
128,128,928,Generation,5414.009094238281,128,128,928,Generation,22598.981857299805
128,128,928,Generation,5443.096160888672,128,128,928,Generation,22472.381591796875
128,128,928,Generation,5396.366119384766,128,128,928,Generation,20143.03207397461
128,128,928,Generation,5395.174026489258,128,128,928,Generation,17513.751983642578
128,128,928,Generation,5387.067794799805,128,128,928,Generation,18238.067626953125
128,128,928,Generation,5380.868911743164,128,128,928,Generation,17088.890075683594
128,128,928,Generation,5392.0745849609375,128,128,928,Generation,18094.539642333984
128,128,928,Generation,5405.664443969727,128,128,928,Generation,17614.364624023438
128,128,928,Generation,5386.590957641602,128,128,928,Generation,17860.17417907715
128,128,928,Generation,5397.796630859375,128,128,928,Generation,17920.255661010742
128,128,928,Generation,5402.803421020508,128,128,928,Generation,16337.63313293457
128,128,928,Generation,5379.676818847656,128,128,928,Generation,18329.620361328125
128,128,928,Generation,5406.856536865234,128,128,928,Generation,17911.195755004883
128,128,928,Generation,5452.156066894531,128,128,928,Generation,17671.823501586914
128,128,928,Generation,5383.014678955078,128,128,928,Generation,17274.61814880371
128,128,928,Generation,5383.491516113281,128,128,928,Generation,17346.620559692383
128,128,928,Generation,5388.975143432617,128,128,928,Generation,17524.003982543945
128,128,928,Generation,5391.120910644531,128,128,928,Generation,17771.005630493164
128,128,928,Generation,5390.167236328125,128,128,928,Generation,17854.690551757812
128,128,928,Generation,5391.359329223633,128,128,928,Generation,17748.594284057617
128,128,928,Generation,5378.246307373047,128,128,928,Generation,17662.04833984375
128,128,928,Generation,5394.458770751953,128,128,928,Generation,17552.614212036133
128,128,928,Generation,5387.783050537109,128,128,928,Generation,17714.500427246094
128,128,928,Generation,5396.604537963867,128,128,928,Generation,17631.76918029785
128,128,928,Generation,5385.398864746094,128,128,928,Generation,17789.125442504883
128,128,928,Generation,5410.194396972656,128,128,928,Generation,17600.536346435547
128,128,928,Generation,5412.34016418457,128,128,928,Generation,17600.297927856445
128,128,928,Generation,9690.046310424805,128,128,928,Generation,17640.59066772461
128,128,928,Generation,5508.4228515625,128,128,928,Generation,17663.47885131836
128,128,928,Generation,5586.147308349609,128,128,928,Generation,17938.13705444336
128,128,928,Generation,5430.936813354492,128,128,928,Generation,17818.450927734375
128,128,928,Generation,5385.637283325195,128,128,928,Generation,18193.483352661133
128,128,928,Generation,5415.916442871094,128,128,928,Generation,18055.91583251953
128,128,928,Generation,5394.935607910156,128,128,928,Generation,18094.301223754883
128,128,928,Generation,5380.153656005859,128,128,928,Generation,18176.31721496582
128,128,928,Generation,5372.524261474609,128,128,928,Generation,17937.898635864258
128,128,928,Generation,5403.041839599609,128,128,928,Generation,17857.789993286133
128,128,928,Generation,5391.359329223633,128,128,928,Generation,20367.860794067383
128,128,928,Generation,5402.326583862305,128,128,928,Generation,17555.713653564453
128,128,928,Generation,5374.431610107422,128,128,928,Generation,17970.08514404297
128,128,928,Generation,5384.922027587891,128,128,928,Generation,17823.69613647461
128,128,928,Generation,5402.803421020508,128,128,928,Generation,17543.554306030273
128,128,928,Generation,5367.279052734375,128,128,928,Generation,17650.365829467773
128,128,928,Generation,5402.326583862305,128,128,928,Generation,17567.873001098633
128,128,928,Generation,5413.532257080078,128,128,928,Generation,17474.17449951172
128,128,928,Generation,5429.983139038086,128,128,928,Generation,17775.535583496094
128,128,928,Generation,5424.261093139648,128,128,928,Generation,17790.794372558594
128,128,928,Generation,5376.338958740234,128,128,928,Generation,17975.807189941406
128,128,928,Generation,5395.174026489258,128,128,928,Generation,17724.75242614746
128,128,928,Generation,5402.088165283203,128,128,928,Generation,17955.303192138672
128,128,928,Generation,5408.048629760742,128,128,928,Generation,17706.871032714844
128,128,928,Generation,5409.479141235352,128,128,928,Generation,17688.989639282227
128,128,928,Generation,5402.088165283203,128,128,928,Generation,17793.893814086914
128,128,928,Generation,5400.180816650391,128,128,928,Generation,18049.240112304688
128,128,928,Generation,5388.021469116211,128,128,928,Generation,17729.28237915039
128,128,928,Generation,5412.101745605469,128,128,928,Generation,17958.402633666992
128,128,928,Generation,5393.743515014648,128,128,928,Generation,17982.72132873535
128,128,928,Generation,5412.817001342773,128,128,928,Generation,18076.658248901367
128,128,928,Generation,5250.9307861328125,128,128,928,Generation,17873.764038085938
128,128,928,Generation,5441.427230834961,128,128,928,Generation,17994.88067626953
128,128,928,Generation,5452.632904052734,128,128,928,Generation,17468.690872192383
128,128,928,Generation,5460.739135742188,128,128,928,Generation,18015.384674072266
128,128,928,Generation,5420.923233032227,128,128,928,Generation,17648.696899414062
128,128,928,Generation,5396.842956542969,128,128,928,Generation,17481.565475463867
128,128,928,Generation,5402.565002441406,128,128,928,Generation,18517.255783081055
128,128,928,Generation,5409.002304077148,128,128,928,Generation,17953.39584350586
128,128,928,Generation,5431.413650512695,128,128,928,Generation,18327.23617553711
128,128,928,Generation,5419.731140136719,128,128,928,Generation,18801.68914794922
128,128,928,Generation,5427.837371826172,128,128,928,Generation,17598.390579223633
128,128,928,Generation,5422.115325927734,128,128,928,Generation,18100.738525390625
128,128,928,Generation,5434.989929199219,128,128,928,Generation,18100.976943969727
128,128,928,Generation,5437.135696411133,128,128,928,Generation,24839.63966369629
128,128,928,Generation,5428.314208984375,128,128,928,Generation,20056.724548339844
128,128,928,Generation,5423.545837402344,128,128,928,Generation,18038.034439086914
128,128,928,Generation,5427.122116088867,128,128,928,Generation,17969.369888305664
128,128,928,Generation,5439.043045043945,128,128,928,Generation,17961.502075195312
128,128,928,Generation,5431.413650512695,128,128,928,Generation,17983.198165893555
128,128,928,Generation,5439.996719360352,128,128,928,Generation,17952.680587768555
128,128,928,Generation,5434.989929199219,128,128,928,Generation,17936.229705810547
128,128,928,Generation,5432.844161987305,128,128,928,Generation,21772.62306213379
128,128,928,Generation,8195.161819458008,128,128,928,Generation,22800.922393798828
128,128,928,Generation,5505.32341003418,128,128,928,Generation,17445.56427001953
128,128,928,Generation,5466.461181640625,128,128,928,Generation,17412.662506103516
128,128,928,Generation,5458.11653137207,128,128,928,Generation,17597.91374206543
128,128,928,Generation,5479.8126220703125,128,128,928,Generation,17116.069793701172
128,128,928,Generation,5557.537078857422,128,128,928,Generation,18048.04801940918
128,128,928,Generation,5446.195602416992,128,128,928,Generation,21985.05401611328
128,128,928,Generation,5454.301834106445,128,128,928,Generation,22050.142288208008
128,128,928,Generation,5421.876907348633,128,128,928,Generation,16449.2130279541
128,128,928,Generation,5468.130111694336,128,128,928,Generation,17799.61585998535
128,128,928,Generation,5447.626113891602,128,128,928,Generation,17895.221710205078
128,128,928,Generation,5467.891693115234,128,128,928,Generation,17733.57391357422
128,128,928,Generation,5465.984344482422,128,128,928,Generation,17564.773559570312
128,128,928,Generation,5455.01708984375,128,128,928,Generation,17606.019973754883
128,128,928,Generation,5462.646484375,128,128,928,Generation,17524.242401123047
128,128,928,Generation,5457.639694213867,128,128,928,Generation,20866.870880126953
128,128,928,Generation,5462.408065795898,128,128,928,Generation,18026.351928710938
128,128,928,Generation,5457.162857055664,128,128,928,Generation,17657.51838684082
128,128,928,Generation,5461.692810058594,128,128,928,Generation,17620.086669921875
128,128,928,Generation,5475.759506225586,128,128,928,Generation,23358.583450317383
128,128,928,Generation,5557.537078857422,128,128,928,Generation,17817.020416259766
128,128,928,Generation,5467.891693115234,128,128,928,Generation,22919.654846191406
128,128,928,Generation,5473.852157592773,128,128,928,Generation,17729.520797729492
128,128,928,Generation,5470.037460327148,128,128,928,Generation,17575.979232788086
128,128,928,Generation,5466.938018798828,128,128,928,Generation,17676.353454589844
128,128,928,Generation,5494.832992553711,128,128,928,Generation,17794.132232666016
128,128,928,Generation,5464.076995849609,128,128,928,Generation,17394.542694091797
128,128,928,Generation,5458.354949951172,128,128,928,Generation,17574.310302734375
128,128,928,Generation,5464.315414428711,128,128,928,Generation,17617.70248413086
128,128,928,Generation,5464.315414428711,128,128,928,Generation,17663.240432739258
128,128,928,Generation,5459.54704284668,128,128,928,Generation,17588.85383605957
128,128,928,Generation,5500.79345703125,128,128,928,Generation,17704.96368408203
128,128,928,Generation,5470.037460327148,128,128,928,Generation,17847.061157226562
128,128,928,Generation,5458.831787109375,128,128,928,Generation,17931.461334228516
128,128,928,Generation,5487.4420166015625,128,128,928,Generation,18500.328063964844
128,128,928,Generation,5472.660064697266,128,128,928,Generation,18192.291259765625
128,128,928,Generation,5372.285842895508,128,128,928,Generation,17522.096633911133
128,128,928,Generation,5539.655685424805,128,128,928,Generation,17928.600311279297
128,128,928,Generation,5464.315414428711,128,128,928,Generation,17592.668533325195
128,128,928,Generation,5537.509918212891,128,128,928,Generation,21625.280380249023
128,128,928,Generation,5525.5889892578125,128,128,928,Generation,17376.66130065918
128,128,928,Generation,5502.462387084961,128,128,928,Generation,17505.645751953125
128,128,928,Generation,5507.946014404297,128,128,928,Generation,17773.38981628418
128,128,928,Generation,5508.4228515625,128,128,928,Generation,18220.66307067871
128,128,928,Generation,5487.918853759766,128,128,928,Generation,18609.285354614258
128,128,928,Generation,5489.349365234375,128,128,928,Generation,17737.627029418945
128,128,928,Generation,5496.26350402832,128,128,928,Generation,17477.989196777344
128,128,928,Generation,5526.065826416016,128,128,928,Generation,17358.30307006836
128,128,928,Generation,5499.839782714844,128,128,928,Generation,17469.167709350586
128,128,928,Generation,5511.52229309082,128,128,928,Generation,17476.320266723633
128,128,928,Generation,5488.63410949707,128,128,928,Generation,17518.52035522461
128,128,928,Generation,5493.1640625,128,128,928,Generation,17113.208770751953
128,128,928,Generation,5504.369735717773,128,128,928,Generation,17277.47917175293
128,128,928,Generation,5515.098571777344,128,128,928,Generation,17071.247100830078
128,128,928,Generation,10470.151901245115,128,128,928,Generation,17614.126205444336
128,128,928,Generation,5757.331848144531,128,128,928,Generation,17577.8865814209
128,128,928,Generation,5653.38134765625,128,128,928,Generation,17367.60139465332
128,128,928,Generation,5579.948425292969,128,128,928,Generation,17225.265502929688
128,128,928,Generation,5549.66926574707,128,128,928,Generation,17531.871795654297
128,128,928,Generation,5519.15168762207,128,128,928,Generation,17468.45245361328
128,128,928,Generation,5534.172058105469,128,128,928,Generation,17643.451690673828
128,128,928,Generation,5510.807037353516,128,128,928,Generation,17115.83137512207
128,128,928,Generation,5533.933639526367,128,128,928,Generation,17620.086669921875
128,128,928,Generation,5511.999130249023,128,128,928,Generation,17439.603805541992
128,128,928,Generation,5542.516708374023,128,128,928,Generation,17470.598220825195
128,128,928,Generation,5529.642105102539,128,128,928,Generation,16920.56655883789
128,128,928,Generation,5521.774291992188,128,128,928,Generation,16655.921936035156
128,128,928,Generation,5561.113357543945,128,128,928,Generation,18034.934997558594
128,128,928,Generation,5540.609359741211,128,128,928,Generation,17358.064651489258
128,128,928,Generation,5580.663681030273,128,128,928,Generation,17451.52473449707
128,128,928,Generation,5552.053451538086,128,128,928,Generation,17409.801483154297
128,128,928,Generation,5545.854568481445,128,128,928,Generation,17503.738403320312
128,128,928,Generation,5521.297454833984,128,128,928,Generation,17779.827117919922
128,128,928,Generation,5675.554275512695,128,128,928,Generation,17657.041549682617
128,128,928,Generation,6231.3079833984375,128,128,928,Generation,17777.91976928711
128,128,928,Generation,5636.930465698242,128,128,928,Generation,17328.262329101562
128,128,928,Generation,5580.425262451172,128,128,928,Generation,17586.946487426758
128,128,928,Generation,5580.663681030273,128,128,928,Generation,17604.351043701172
128,128,928,Generation,5584.955215454102,128,128,928,Generation,17556.66732788086
128,128,928,Generation,5563.497543334961,128,128,928,Generation,17306.089401245117
128,128,928,Generation,5566.120147705078,128,128,928,Generation,17827.749252319336
128,128,928,Generation,5551.815032958984,128,128,928,Generation,17612.457275390625
128,128,928,Generation,5568.027496337891,128,128,928,Generation,17476.320266723633
128,128,928,Generation,5581.140518188477,128,128,928,Generation,17377.138137817383
128,128,928,Generation,5567.073822021484,128,128,928,Generation,17302.751541137695
128,128,928,Generation,5553.007125854492,128,128,928,Generation,18370.15151977539
128,128,928,Generation,5574.226379394531,128,128,928,Generation,20818.94874572754
128,128,928,Generation,5559.444427490234,128,128,928,Generation,21768.569946289062
128,128,928,Generation,5562.782287597656,128,128,928,Generation,17809.152603149414
128,128,928,Generation,5577.325820922852,128,128,928,Generation,17771.95930480957
128,128,928,Generation,5582.809448242188,128,128,928,Generation,17351.627349853516
128,128,928,Generation,5578.9947509765625,128,128,928,Generation,17466.54510498047
128,128,928,Generation,5585.670471191406,128,128,928,Generation,17364.978790283203
128,128,928,Generation,5579.233169555664,128,128,928,Generation,18714.66636657715
128,128,928,Generation,5592.107772827148,128,128,928,Generation,21754.741668701172
128,128,928,Generation,5572.795867919922,128,128,928,Generation,18043.27964782715
128,128,928,Generation,5608.320236206055,128,128,928,Generation,18109.798431396484
128,128,928,Generation,5583.524703979492,128,128,928,Generation,17192.602157592773
128,128,928,Generation,5539.655685424805,128,128,928,Generation,18061.87629699707
128,128,928,Generation,5584.478378295898,128,128,928,Generation,18252.37274169922
128,128,928,Generation,5599.260330200195,128,128,928,Generation,17932.891845703125
128,128,928,Generation,5567.550659179688,128,128,928,Generation,21399.974822998047
128,128,928,Generation,5583.763122558594,128,128,928,Generation,22367.000579833984
128,128,928,Generation,5580.425262451172,128,128,928,Generation,18100.261688232422
128,128,928,Generation,5572.55744934082,128,128,928,Generation,18092.39387512207
128,128,928,Generation,5474.567413330078,128,128,928,Generation,17361.164093017578
128,128,928,Generation,5624.532699584961,128,128,928,Generation,23921.966552734375
128,128,928,Generation,5637.884140014648,128,128,928,Generation,18061.161041259766
128,128,928,Generation,5718.94645690918,128,128,928,Generation,17802.47688293457
128,128,928,Generation,5660.533905029297,128,128,928,Generation,18065.929412841797
128,128,928,Generation,5850.791931152344,128,128,928,Generation,17965.316772460938
128,128,928,Generation,5690.097808837891,128,128,928,Generation,18571.61521911621
128,128,928,Generation,5739.927291870117,128,128,928,Generation,17548.084259033203
128,128,928,Generation,5693.912506103516,128,128,928,Generation,19173.383712768555
128,128,928,Generation,5654.335021972656,128,128,928,Generation,17999.649047851562
128,128,928,Generation,5596.87614440918,128,128,928,Generation,17550.230026245117
128,128,928,Generation,5609.5123291015625,128,128,928,Generation,17455.101013183594
128,128,928,Generation,5609.5123291015625,128,128,928,Generation,17311.33460998535
128,128,928,Generation,6230.592727661133,128,128,928,Generation,18650.293350219727
128,128,928,Generation,5612.850189208984,128,128,928,Generation,30224.80010986328
128,128,928,Generation,5612.373352050781,128,128,928,Generation,23326.873779296875
128,128,928,Generation,5628.824234008789,128,128,928,Generation,22824.28741455078
128,128,928,Generation,5608.558654785156,128,128,928,Generation,25022.268295288086
128,128,928,Generation,5455.01708984375,128,128,928,Generation,23711.9197845459
128,128,928,Generation,5243.3013916015625,128,128,928,Generation,23695.945739746094
128,128,928,Generation,5685.329437255859,128,128,928,Generation,24479.86602783203
128,128,928,Generation,5686.99836730957,128,128,928,Generation,26575.803756713867
128,128,928,Generation,5677.700042724609,128,128,928,Generation,23924.11231994629
128,128,928,Generation,5673.17008972168,128,128,928,Generation,18422.842025756836
128,128,928,Generation,5652.427673339844,128,128,928,Generation,20419.836044311523
128,128,928,Generation,5624.055862426758,128,128,928,Generation,22478.580474853516
128,128,928,Generation,5659.818649291992,128,128,928,Generation,21072.1492767334
128,128,928,Generation,5643.606185913086,128,128,928,Generation,23326.396942138672
128,128,928,Generation,5627.155303955078,128,128,928,Generation,30978.44123840332
128,128,928,Generation,5671.977996826172,128,128,928,Generation,18390.655517578125
128,128,928,Generation,5639.791488647461,128,128,928,Generation,18266.43943786621
128,128,928,Generation,5641.460418701172,128,128,928,Generation,17866.37306213379
128,128,928,Generation,5663.871765136719,128,128,928,Generation,17696.619033813477
128,128,928,Generation,5700.826644897461,128,128,928,Generation,17744.779586791992
128,128,928,Generation,5703.926086425781,128,128,928,Generation,18226.146697998047
128,128,928,Generation,5786.895751953125,128,128,928,Generation,17770.52879333496
128,128,928,Generation,5669.832229614258,128,128,928,Generation,17867.565155029297
128,128,928,Generation,5666.7327880859375,128,128,928,Generation,17406.940460205078
128,128,928,Generation,5690.813064575195,128,128,928,Generation,17397.165298461914
128,128,928,Generation,5664.825439453125,128,128,928,Generation,17451.28631591797
128,128,928,Generation,5667.209625244141,128,128,928,Generation,17560.482025146484
128,128,928,Generation,5691.766738891602,128,128,928,Generation,17423.391342163086
128,128,928,Generation,5680.084228515625,128,128,928,Generation,15648.603439331055
128,128,928,Generation,5690.574645996094,128,128,928,Generation,23439.884185791016
128,128,928,Generation,5661.249160766602,128,128,928,Generation,17756.223678588867
128,128,928,Generation,5702.018737792969,128,128,928,Generation,21877.288818359375
128,128,928,Generation,5699.396133422852,128,128,928,Generation,25564.43214416504
128,128,928,Generation,5711.555480957031,128,128,928,Generation,23176.193237304688
128,128,928,Generation,5706.310272216797,128,128,928,Generation,17746.448516845703
128,128,928,Generation,5702.25715637207,128,128,928,Generation,20707.60726928711
128,128,928,Generation,5708.456039428711,128,128,928,Generation,18198.490142822266
128,128,928,Generation,5707.025527954102,128,128,928,Generation,18063.068389892578
128,128,928,Generation,5703.926086425781,128,128,928,Generation,18130.30242919922
128,128,928,Generation,5710.363388061523,128,128,928,Generation,18427.133560180664
128,128,928,Generation,5711.078643798828,128,128,928,Generation,18547.773361206055
128,128,928,Generation,5717.039108276367,128,128,928,Generation,17489.910125732422
128,128,928,Generation,5743.980407714844,128,128,928,Generation,17535.44807434082
128,128,928,Generation,8679.389953613281,128,128,928,Generation,17667.293548583984
128,128,928,Generation,5728.960037231445,128,128,928,Generation,17657.995223999023
128,128,928,Generation,5819.3206787109375,128,128,928,Generation,17422.67608642578
128,128,928,Generation,5780.458450317383,128,128,928,Generation,17517.08984375
128,128,928,Generation,5752.086639404297,128,128,928,Generation,17622.23243713379
128,128,928,Generation,5774.021148681641,128,128,928,Generation,17932.891845703125
128,128,928,Generation,5763.053894042969,128,128,928,Generation,17728.328704833984
128,128,928,Generation,5765.676498413086,128,128,928,Generation,17518.997192382812
128,128,928,Generation,5760.669708251953,128,128,928,Generation,17793.893814086914
128,128,928,Generation,5765.199661254883,128,128,928,Generation,18028.02085876465
128,128,928,Generation,5756.378173828125,128,128,928,Generation,17688.512802124023
128,128,928,Generation,5743.0267333984375,128,128,928,Generation,17741.44172668457
128,128,928,Generation,5767.583847045898,128,128,928,Generation,17632.484436035156
128,128,928,Generation,5752.086639404297,128,128,928,Generation,17849.92218017578
128,128,928,Generation,5787.134170532227,128,128,928,Generation,17908.096313476562
128,128,928,Generation,5794.048309326172,128,128,928,Generation,17760.038375854492
128,128,928,Generation,5769.491195678711,128,128,928,Generation,17894.506454467773
128,128,928,Generation,5785.942077636719,128,128,928,Generation,17544.984817504883
128,128,928,Generation,5787.134170532227,128,128,928,Generation,17659.902572631836
128,128,928,Generation,5769.968032836914,128,128,928,Generation,17771.005630493164
128,128,928,Generation,5797.147750854492,128,128,928,Generation,17564.773559570312
128,128,928,Generation,5799.770355224609,128,128,928,Generation,17785.78758239746
128,128,928,Generation,5785.703659057617,128,128,928,Generation,17680.644989013672
128,128,928,Generation,5811.691284179688,128,128,928,Generation,17925.024032592773
128,128,928,Generation,5795.717239379883,128,128,928,Generation,17814.87464904785
128,128,928,Generation,5824.565887451172,128,128,928,Generation,17822.742462158203
128,128,928,Generation,5788.564682006836,128,128,928,Generation,17543.554306030273
128,128,928,Generation,5783.796310424805,128,128,928,Generation,17735.719680786133
128,128,928,Generation,5835.294723510742,128,128,928,Generation,17839.908599853516
128,128,928,Generation,5811.214447021484,128,128,928,Generation,17710.447311401367
128,128,928,Generation,5832.195281982422,128,128,928,Generation,17836.332321166992
128,128,928,Generation,5836.248397827148,128,128,928,Generation,17630.577087402344
128,128,928,Generation,5823.373794555664,128,128,928,Generation,17640.352249145508
128,128,928,Generation,5842.685699462891,128,128,928,Generation,17615.556716918945
128,128,928,Generation,5849.599838256836,128,128,928,Generation,17575.26397705078
128,128,928,Generation,5798.578262329102,128,128,928,Generation,17807.960510253906
128,128,928,Generation,5852.222442626953,128,128,928,Generation,17614.126205444336
128,128,928,Generation,5831.718444824219,128,128,928,Generation,17852.5447845459
128,128,928,Generation,5850.315093994141,128,128,928,Generation,17778.873443603516
128,128,928,Generation,5848.884582519531,128,128,928,Generation,17742.87223815918
128,128,928,Generation,5859.136581420898,128,128,928,Generation,17791.748046875
128,128,928,Generation,5848.169326782227,128,128,928,Generation,17606.97364807129
128,128,928,Generation,5852.222442626953,128,128,928,Generation,17834.186553955078
128,128,928,Generation,5869.626998901367,128,128,928,Generation,17919.540405273438
128,128,928,Generation,5853.176116943359,128,128,928,Generation,17878.53240966797
128,128,928,Generation,5887.746810913086,128,128,928,Generation,17885.446548461914
128,128,928,Generation,5887.269973754883,128,128,928,Generation,17589.330673217773
128,128,928,Generation,5880.832672119141,128,128,928,Generation,17588.85383605957
128,128,928,Generation,5865.335464477539,128,128,928,Generation,17911.911010742188
128,128,928,Generation,5878.448486328125,128,128,928,Generation,17591.71485900879
128,128,928,Generation,5747.795104980469,128,128,928,Generation,18041.84913635254
128,128,928,Generation,5833.148956298828,128,128,928,Generation,17760.9920501709
128,128,928,Generation,5899.429321289063,128,128,928,Generation,17431.974411010742
128,128,928,Generation,7204.0557861328125,128,128,928,Generation,17979.62188720703
128,128,928,Generation,5901.098251342773,128,128,928,Generation,18095.970153808594
128,128,928,Generation,5917.072296142578,128,128,928,Generation,17771.244049072266
128,128,928,Generation,5897.52197265625,128,128,928,Generation,17748.594284057617
128,128,928,Generation,5923.032760620117,128,128,928,Generation,17817.258834838867
128,128,928,Generation,5908.489227294922,128,128,928,Generation,17731.189727783203
128,128,928,Generation,5896.329879760742,128,128,928,Generation,17536.87858581543
128,128,928,Generation,5927.324295043945,128,128,928,Generation,17687.79754638672
128,128,928,Generation,5920.171737670898,128,128,928,Generation,17930.74607849121
128,128,928,Generation,5913.496017456055,128,128,928,Generation,17680.40657043457
128,128,928,Generation,5929.470062255859,128,128,928,Generation,17704.96368408203
128,128,928,Generation,5902.528762817383,128,128,928,Generation,17465.829849243164
128,128,928,Generation,5922.079086303711,128,128,928,Generation,17753.124237060547
128,128,928,Generation,5910.8734130859375,128,128,928,Generation,17764.568328857422
128,128,928,Generation,5916.357040405273,128,128,928,Generation,17293.691635131836
128,128,928,Generation,5931.13899230957,128,128,928,Generation,17469.64454650879
128,128,928,Generation,5950.450897216797,128,128,928,Generation,17360.210418701172
128,128,928,Generation,5907.773971557617,128,128,928,Generation,17179.012298583984
128,128,928,Generation,5917.31071472168,128,128,928,Generation,17089.128494262695
128,128,928,Generation,5929.708480834961,128,128,928,Generation,17365.217208862305
128,128,928,Generation,5954.265594482422,128,128,928,Generation,17336.368560791016
128,128,928,Generation,5946.874618530273,128,128,928,Generation,17228.126525878906
128,128,928,Generation,5922.3175048828125,128,128,928,Generation,17563.819885253906
128,128,928,Generation,5950.212478637695,128,128,928,Generation,20007.37190246582
128,128,928,Generation,5946.636199951172,128,128,928,Generation,17100.095748901367
128,128,928,Generation,5972.146987915039,128,128,928,Generation,17079.35333251953
128,128,928,Generation,5980.491638183594,128,128,928,Generation,17131.328582763672
128,128,928,Generation,5995.512008666992,128,128,928,Generation,17162.561416625977
128,128,928,Generation,5993.843078613281,128,128,928,Generation,21609.783172607422
128,128,928,Generation,5967.617034912109,128,128,928,Generation,17501.354217529297
128,128,928,Generation,5941.629409790039,128,128,928,Generation,17147.302627563477
128,128,928,Generation,5972.623825073242,128,128,928,Generation,17220.497131347656
128,128,928,Generation,5983.3526611328125,128,128,928,Generation,17557.621002197266
128,128,928,Generation,6306.40983581543,128,128,928,Generation,17241.716384887695
128,128,928,Generation,5980.491638183594,128,128,928,Generation,17436.981201171875
128,128,928,Generation,5996.227264404297,128,128,928,Generation,16948.938369750977
128,128,928,Generation,6022.69172668457,128,128,928,Generation,17302.274703979492
128,128,928,Generation,5991.697311401367,128,128,928,Generation,17354.965209960938
128,128,928,Generation,5972.146987915039,128,128,928,Generation,17234.56382751465
128,128,928,Generation,6017.208099365234,128,128,928,Generation,17306.56623840332
128,128,928,Generation,6011.247634887695,128,128,928,Generation,17212.390899658203
128,128,928,Generation,6037.712097167969,128,128,928,Generation,17499.923706054688
128,128,928,Generation,5993.127822875977,128,128,928,Generation,17749.547958374023
128,128,928,Generation,6025.552749633789,128,128,928,Generation,17694.950103759766
128,128,928,Generation,6024.360656738281,128,128,928,Generation,17549.27635192871
128,128,928,Generation,6044.864654541016,128,128,928,Generation,17166.1376953125
128,128,928,Generation,6012.916564941406,128,128,928,Generation,17260.313034057617
128,128,928,Generation,6029.367446899414,128,128,928,Generation,17276.287078857422
128,128,928,Generation,6033.897399902344,128,128,928,Generation,21829.36668395996
128,128,928,Generation,6037.473678588867,128,128,928,Generation,17849.445343017578
128,128,928,Generation,6032.9437255859375,128,128,928,Generation,17982.48291015625
128,128,928,Generation,6046.295166015625,128,128,928,Generation,17726.18293762207
128,128,928,Generation,6043.434143066406,128,128,928,Generation,18007.04002380371
128,128,928,Generation,6041.526794433594,128,128,928,Generation,18138.408660888672
128,128,928,Generation,8412.12272644043,128,128,928,Generation,18411.15951538086
128,128,928,Generation,6069.89860534668,128,128,928,Generation,17950.773239135742
128,128,928,Generation,6047.964096069336,128,128,928,Generation,17831.802368164062
128,128,928,Generation,6064.414978027344,128,128,928,Generation,18034.696578979492
128,128,928,Generation,6061.315536499023,128,128,928,Generation,17782.926559448242
128,128,928,Generation,6067.2760009765625,128,128,928,Generation,17752.885818481445
128,128,928,Generation,6074.9053955078125,128,128,928,Generation,17985.820770263672
128,128,928,Generation,10278.46336364746,128,128,928,Generation,17591.238021850586
128,128,928,Generation,6106.853485107422,128,128,928,Generation,17894.02961730957
128,128,928,Generation,6095.88623046875,128,128,928,Generation,17315.149307250977
128,128,928,Generation,6069.421768188477,128,128,928,Generation,17942.66700744629
128,128,928,Generation,6074.428558349609,128,128,928,Generation,17538.070678710938
128,128,928,Generation,6126.880645751953,128,128,928,Generation,17598.628997802734
128,128,928,Generation,6090.1641845703125,128,128,928,Generation,17858.98208618164
128,128,928,Generation,6092.309951782227,128,128,928,Generation,17843.72329711914
128,128,928,Generation,6070.852279663086,128,128,928,Generation,17928.123474121094
128,128,928,Generation,6068.229675292969,128,128,928,Generation,18329.143524169922
128,128,928,Generation,6073.951721191406,128,128,928,Generation,18044.94857788086
128,128,928,Generation,6104.707717895508,128,128,928,Generation,18103.12271118164
128,128,928,Generation,6107.091903686523,128,128,928,Generation,17750.263214111328
128,128,928,Generation,6105.4229736328125,128,128,928,Generation,17624.1397857666
128,128,928,Generation,6137.371063232422,128,128,928,Generation,17681.360244750977
128,128,928,Generation,6096.601486206055,128,128,928,Generation,21994.590759277344
128,128,928,Generation,6138.801574707031,128,128,928,Generation,17671.10824584961
128,128,928,Generation,6092.309951782227,128,128,928,Generation,17312.52670288086
128,128,928,Generation,6126.40380859375,128,128,928,Generation,17351.388931274414
128,128,928,Generation,6163.597106933594,128,128,928,Generation,21055.221557617188
128,128,928,Generation,6128.3111572265625,128,128,928,Generation,18728.971481323242
128,128,928,Generation,6127.595901489258,128,128,928,Generation,17937.421798706055
128,128,928,Generation,6152.868270874023,128,128,928,Generation,17860.65101623535
128,128,928,Generation,6151.437759399414,128,128,928,Generation,17765.283584594727
128,128,928,Generation,6134.986877441406,128,128,928,Generation,17927.169799804688
128,128,928,Generation,6132.841110229492,128,128,928,Generation,17531.394958496094
128,128,928,Generation,6172.895431518555,128,128,928,Generation,17572.879791259766
128,128,928,Generation,6153.583526611328,128,128,928,Generation,23230.552673339844
128,128,928,Generation,6172.895431518555,128,128,928,Generation,17868.995666503906
128,128,928,Generation,6140.232086181641,128,128,928,Generation,21916.627883911133
128,128,928,Generation,6176.233291625977,128,128,928,Generation,18077.373504638672
128,128,928,Generation,6169.557571411133,128,128,928,Generation,22043.704986572266
128,128,928,Generation,6184.816360473633,128,128,928,Generation,18039.226531982422
128,128,928,Generation,6131.649017333984,128,128,928,Generation,17806.529998779297
128,128,928,Generation,6161.212921142578,128,128,928,Generation,18003.70216369629
128,128,928,Generation,6186.008453369141,128,128,928,Generation,17734.766006469727
128,128,928,Generation,6206.750869750977,128,128,928,Generation,17532.1102142334
128,128,928,Generation,6190.061569213867,128,128,928,Generation,17723.798751831055
128,128,928,Generation,6174.087524414063,128,128,928,Generation,17287.015914916992
128,128,928,Generation,6175.994873046875,128,128,928,Generation,17675.87661743164
128,128,928,Generation,6174.802780151367,128,128,928,Generation,19100.666046142578
128,128,928,Generation,6171.226501464844,128,128,928,Generation,20104.88510131836
128,128,928,Generation,6181.240081787109,128,128,928,Generation,17926.21612548828
128,128,928,Generation,6201.505661010742,128,128,928,Generation,17915.725708007812
128,128,928,Generation,6206.750869750977,128,128,928,Generation,17817.020416259766
128,128,928,Generation,6215.333938598633,128,128,928,Generation,17991.304397583008
128,128,928,Generation,6201.505661010742,128,128,928,Generation,18046.855926513672
128,128,928,Generation,9267.091751098633,128,128,928,Generation,17762.184143066406
128,128,928,Generation,6282.09114074707,128,128,928,Generation,17981.290817260742
128,128,928,Generation,6299.018859863281,128,128,928,Generation,17974.6150970459
128,128,928,Generation,6335.49690246582,128,128,928,Generation,17301.79786682129
128,128,928,Generation,6371.021270751953,128,128,928,Generation,25071.144104003906
128,128,928,Generation,6311.893463134766,128,128,928,Generation,17952.680587768555
128,128,928,Generation,6257.057189941406,128,128,928,Generation,18971.920013427734
128,128,928,Generation,6263.017654418945,128,128,928,Generation,21019.935607910156
128,128,928,Generation,6230.831146240234,128,128,928,Generation,18541.09764099121
128,128,928,Generation,6238.937377929688,128,128,928,Generation,18905.6396484375
128,128,928,Generation,6243.228912353516,128,128,928,Generation,19132.137298583984
128,128,928,Generation,6242.275238037109,128,128,928,Generation,18962.14485168457
128,128,928,Generation,6252.050399780273,128,128,928,Generation,18103.361129760742
128,128,928,Generation,6241.083145141602,128,128,928,Generation,17244.10057067871
128,128,928,Generation,6246.5667724609375,128,128,928,Generation,17661.333084106445
128,128,928,Generation,6262.063980102539,128,128,928,Generation,17278.90968322754
128,128,928,Generation,6275.653839111328,128,128,928,Generation,17868.0419921875
128,128,928,Generation,6247.758865356445,128,128,928,Generation,18011.33155822754
128,128,928,Generation,6216.526031494141,128,128,928,Generation,17632.007598876953
128,128,928,Generation,6254.911422729492,128,128,928,Generation,18078.80401611328
128,128,928,Generation,6249.189376831055,128,128,928,Generation,17607.450485229492
128,128,928,Generation,6257.295608520508,128,128,928,Generation,17871.856689453125
128,128,928,Generation,6263.971328735352,128,128,928,Generation,18129.348754882812
128,128,928,Generation,6260.395050048828,128,128,928,Generation,17990.589141845703
128,128,928,Generation,6287.813186645508,128,128,928,Generation,17821.311950683594
128,128,928,Generation,6270.408630371094,128,128,928,Generation,17724.75242614746
128,128,928,Generation,6275.177001953125,128,128,928,Generation,17752.885818481445
128,128,928,Generation,6283.998489379883,128,128,928,Generation,18005.847930908203
128,128,928,Generation,6266.593933105469,128,128,928,Generation,18180.60874938965
128,128,928,Generation,6292.581558227539,128,128,928,Generation,17819.643020629883
128,128,928,Generation,6283.998489379883,128,128,928,Generation,17812.252044677734
128,128,928,Generation,6301.641464233398,128,128,928,Generation,17542.362213134766
128,128,928,Generation,6277.561187744141,128,128,928,Generation,17911.195755004883
128,128,928,Generation,6314.754486083984,128,128,928,Generation,17982.24449157715
128,128,928,Generation,6283.998489379883,128,128,928,Generation,18163.681030273438
128,128,928,Generation,6307.125091552734,128,128,928,Generation,17805.099487304688
128,128,928,Generation,6309.032440185547,128,128,928,Generation,17504.453659057617
128,128,928,Generation,6318.569183349609,128,128,928,Generation,17400.503158569336
128,128,928,Generation,6302.118301391602,128,128,928,Generation,17798.423767089844
128,128,928,Generation,6320.476531982422,128,128,928,Generation,17798.423767089844
128,128,928,Generation,6353.616714477539,128,128,928,Generation,17832.040786743164
128,128,928,Generation,6329.536437988281,128,128,928,Generation,19590.85464477539
128,128,928,Generation,6325.006484985352,128,128,928,Generation,18097.1622467041
128,128,928,Generation,6344.318389892578,128,128,928,Generation,18094.778060913086
128,128,928,Generation,6323.099136352539,128,128,928,Generation,18071.889877319336
128,128,928,Generation,6345.272064208984,128,128,928,Generation,18188.2381439209
128,128,928,Generation,6324.052810668945,128,128,928,Generation,17660.856246948242
128,128,928,Generation,6342.649459838867,128,128,928,Generation,18013.00048828125
128,128,928,Generation,6352.424621582031,128,128,928,Generation,17686.843872070312
128,128,928,Generation,6365.537643432617,128,128,928,Generation,17370.223999023438
128,128,928,Generation,6366.252899169922,128,128,928,Generation,17941.47491455078
128,128,928,Generation,6357.431411743164,128,128,928,Generation,18086.671829223633
128,128,928,Generation,6377.458572387695,128,128,928,Generation,17561.43569946289
128,128,928,Generation,6398.200988769531,128,128,928,Generation,17815.113067626953
128,128,928,Generation,10646.820068359377,128,128,928,Generation,18078.80401611328
128,128,928,Generation,6501.913070678711,128,128,928,Generation,17726.421356201172
128,128,928,Generation,6413.698196411133,128,128,928,Generation,19488.096237182617
128,128,928,Generation,6466.150283813477,128,128,928,Generation,19823.074340820312
128,128,928,Generation,6395.3399658203125,128,128,928,Generation,18543.720245361328
128,128,928,Generation,6423.473358154297,128,128,928,Generation,17747.879028320312
128,128,928,Generation,6392.478942871094,128,128,928,Generation,18305.063247680664
128,128,928,Generation,6417.989730834961,128,128,928,Generation,17996.07276916504
128,128,928,Generation,6416.559219360352,128,128,928,Generation,17893.79119873047
128,128,928,Generation,6416.082382202148,128,128,928,Generation,17318.7255859375
128,128,928,Generation,6398.439407348633,128,128,928,Generation,17750.024795532227
128,128,928,Generation,6422.042846679688,128,128,928,Generation,17801.761627197266
128,128,928,Generation,6374.359130859375,128,128,928,Generation,17834.186553955078
128,128,928,Generation,6412.982940673828,128,128,928,Generation,19963.02604675293
128,128,928,Generation,6416.797637939453,128,128,928,Generation,18978.118896484375
128,128,928,Generation,6428.718566894531,128,128,928,Generation,18552.541732788086
128,128,928,Generation,6396.055221557617,128,128,928,Generation,18347.978591918945
128,128,928,Generation,6405.115127563477,128,128,928,Generation,19372.224807739258
128,128,928,Generation,6412.744522094727,128,128,928,Generation,20289.897918701172
128,128,928,Generation,6453.752517700195,128,128,928,Generation,18877.506256103516
128,128,928,Generation,6408.452987670898,128,128,928,Generation,18662.691116333008
128,128,928,Generation,6428.48014831543,128,128,928,Generation,19642.114639282227
128,128,928,Generation,6421.804428100586,128,128,928,Generation,19279.003143310547
128,128,928,Generation,6445.407867431641,128,128,928,Generation,18890.1424407959
128,128,928,Generation,6424.188613891602,128,128,928,Generation,18854.618072509766
128,128,928,Generation,6443.73893737793,128,128,928,Generation,18731.355667114258
128,128,928,Generation,6434.440612792969,128,128,928,Generation,19927.501678466797
128,128,928,Generation,6428.48014831543,128,128,928,Generation,17548.322677612305
128,128,928,Generation,6413.459777832031,128,128,928,Generation,19753.694534301758
128,128,928,Generation,6340.02685546875,128,128,928,Generation,19310.712814331055
128,128,928,Generation,6428.718566894531,128,128,928,Generation,17995.357513427734
128,128,928,Generation,6466.388702392578,128,128,928,Generation,17896.652221679688
128,128,928,Generation,6440.877914428711,128,128,928,Generation,18164.15786743164
128,128,928,Generation,6433.725357055664,128,128,928,Generation,17817.49725341797
128,128,928,Generation,6464.242935180664,128,128,928,Generation,18178.939819335938
128,128,928,Generation,6529.569625854492,128,128,928,Generation,17812.252044677734
128,128,928,Generation,6499.052047729492,128,128,928,Generation,17225.980758666992
128,128,928,Generation,6397.724151611328,128,128,928,Generation,17687.79754638672
128,128,928,Generation,6211.519241333008,128,128,928,Generation,17747.163772583008
128,128,928,Generation,6507.396697998047,128,128,928,Generation,17368.316650390625
128,128,928,Generation,6467.819213867188,128,128,928,Generation,17457.962036132812
128,128,928,Generation,6489.992141723633,128,128,928,Generation,17949.581146240234
128,128,928,Generation,6488.08479309082,128,128,928,Generation,18043.994903564453
128,128,928,Generation,6489.51530456543,128,128,928,Generation,17895.46012878418
128,128,928,Generation,6463.050842285156,128,128,928,Generation,18138.647079467773
128,128,928,Generation,6502.389907836914,128,128,928,Generation,17720.22247314453
128,128,928,Generation,6498.098373413086,128,128,928,Generation,17693.99642944336
128,128,928,Generation,6507.87353515625,128,128,928,Generation,18019.914627075195
128,128,928,Generation,6473.541259765625,128,128,928,Generation,18140.316009521484
128,128,928,Generation,6513.357162475586,128,128,928,Generation,18187.284469604492
128,128,928,Generation,6491.422653198242,128,128,928,Generation,18283.605575561523
128,128,928,Generation,6502.628326416016,128,128,928,Generation,17939.329147338867
128,128,928,Generation,6488.323211669922,128,128,928,Generation,18208.026885986328
128,128,928,Generation,6546.0205078125,128,128,928,Generation,17732.14340209961
128,128,928,Generation,6497.14469909668,128,128,928,Generation,17848.25325012207
128,128,928,Generation,6531.000137329102,128,128,928,Generation,17654.895782470703
128,128,928,Generation,6494.760513305664,128,128,928,Generation,18105.268478393555
128,128,928,Generation,6389.141082763672,128,128,928,Generation,18015.623092651367
128,128,928,Generation,6555.080413818359,128,128,928,Generation,18049.001693725586
128,128,928,Generation,6543.874740600586,128,128,928,Generation,17984.628677368164
128,128,928,Generation,6507.635116577148,128,128,928,Generation,18098.35433959961
128,128,928,Generation,6530.046463012695,128,128,928,Generation,18085.002899169922
128,128,928,Generation,6505.012512207031,128,128,928,Generation,18115.997314453125
128,128,928,Generation,6546.974182128906,128,128,928,Generation,17762.66098022461
128,128,928,Generation,6524.324417114258,128,128,928,Generation,20272.493362426758
128,128,928,Generation,6578.922271728516,128,128,928,Generation,17969.369888305664
128,128,928,Generation,6567.239761352539,128,128,928,Generation,18070.459365844727
128,128,928,Generation,6577.253341674805,128,128,928,Generation,17857.55157470703
128,128,928,Generation,6540.536880493164,128,128,928,Generation,18106.460571289062
128,128,928,Generation,6561.994552612305,128,128,928,Generation,17627.239227294922
128,128,928,Generation,6562.232971191406,128,128,928,Generation,18164.15786743164
128,128,928,Generation,6589.651107788086,128,128,928,Generation,17909.04998779297
128,128,928,Generation,6559.848785400391,128,128,928,Generation,18151.76010131836
128,128,928,Generation,6575.345993041992,128,128,928,Generation,17961.502075195312
128,128,928,Generation,6569.385528564453,128,128,928,Generation,18100.976943969727
128,128,928,Generation,6577.968597412109,128,128,928,Generation,17971.277236938477
128,128,928,Generation,6537.914276123047,128,128,928,Generation,17784.833908081055
128,128,928,Generation,6592.273712158203,128,128,928,Generation,17934.083938598633
128,128,928,Generation,6574.630737304688,128,128,928,Generation,17926.21612548828
128,128,928,Generation,6460.905075073242,128,128,928,Generation,17822.265625
128,128,928,Generation,6581.544876098633,128,128,928,Generation,17995.357513427734
128,128,928,Generation,6589.174270629883,128,128,928,Generation,17776.4892578125
128,128,928,Generation,6601.095199584961,128,128,928,Generation,18221.85516357422
128,128,928,Generation,6617.546081542969,128,128,928,Generation,18190.14549255371
128,128,928,Generation,6592.750549316406,128,128,928,Generation,18181.324005126953
128,128,928,Generation,6621.122360229492,128,128,928,Generation,18164.15786743164
128,128,928,Generation,6612.062454223633,128,128,928,Generation,18057.10792541504
128,128,928,Generation,6611.108779907227,128,128,928,Generation,21558.761596679688
128,128,928,Generation,6605.863571166992,128,128,928,Generation,17871.379852294922
128,128,928,Generation,6635.427474975586,128,128,928,Generation,17723.08349609375
128,128,928,Generation,6607.0556640625,128,128,928,Generation,17832.279205322266
128,128,928,Generation,6630.182266235352,128,128,928,Generation,17905.235290527344
128,128,928,Generation,6595.134735107422,128,128,928,Generation,17829.179763793945
128,128,928,Generation,6627.082824707031,128,128,928,Generation,17563.1046295166
128,128,928,Generation,6631.851196289063,128,128,928,Generation,17435.073852539062
128,128,928,Generation,6641.626358032227,128,128,928,Generation,18066.40625
128,128,928,Generation,6459.712982177734,128,128,928,Generation,17544.269561767578
128,128,928,Generation,6641.387939453125,128,128,928,Generation,17807.960510253906
128,128,928,Generation,6624.2218017578125,128,128,928,Generation,18089.771270751953
128,128,928,Generation,6696.462631225586,128,128,928,Generation,17970.561981201172
128,128,928,Generation,6632.089614868164,128,128,928,Generation,17614.84146118164
128,128,928,Generation,6658.315658569336,128,128,928,Generation,18139.362335205078
128,128,928,Generation,6644.725799560547,128,128,928,Generation,22966.861724853516
128,128,928,Generation,10149.240493774414,128,128,928,Generation,17746.2100982666
128,128,928,Generation,6656.408309936523,128,128,928,Generation,17623.186111450195
128,128,928,Generation,6685.733795166016,128,128,928,Generation,17913.341522216797
128,128,928,Generation,6683.826446533203,128,128,928,Generation,19685.745239257812
128,128,928,Generation,6690.97900390625,128,128,928,Generation,17908.573150634766
128,128,928,Generation,6791.591644287109,128,128,928,Generation,17944.0975189209
128,128,928,Generation,7028.102874755859,128,128,928,Generation,18451.452255249023
128,128,928,Generation,6790.399551391602,128,128,928,Generation,18292.665481567383
128,128,928,Generation,6508.350372314453,128,128,928,Generation,18307.924270629883
128,128,928,Generation,6745.338439941406,128,128,928,Generation,18572.330474853516
128,128,928,Generation,6786.584854125977,128,128,928,Generation,18979.787826538086
128,128,928,Generation,6694.316864013672,128,128,928,Generation,18792.86766052246
128,128,928,Generation,6687.641143798828,128,128,928,Generation,18210.411071777344
128,128,928,Generation,6661.653518676758,128,128,928,Generation,18541.812896728516
128,128,928,Generation,6701.946258544922,128,128,928,Generation,18003.70216369629
128,128,928,Generation,6688.833236694336,128,128,928,Generation,18524.646759033203
128,128,928,Generation,6687.402725219727,128,128,928,Generation,17703.533172607422
128,128,928,Generation,6682.395935058594,128,128,928,Generation,18199.20539855957
128,128,928,Generation,6695.985794067383,128,128,928,Generation,17810.10627746582
128,128,928,Generation,6701.231002807617,128,128,928,Generation,17978.668212890625
128,128,928,Generation,6709.575653076172,128,128,928,Generation,17397.165298461914
128,128,928,Generation,6671.905517578125,128,128,928,Generation,18194.67544555664
128,128,928,Generation,6707.429885864258,128,128,928,Generation,17899.274826049805
128,128,928,Generation,6731.271743774414,128,128,928,Generation,17616.27197265625
128,128,928,Generation,6711.959838867188,128,128,928,Generation,17477.51235961914
128,128,928,Generation,6712.436676025391,128,128,928,Generation,17937.660217285156
128,128,928,Generation,6705.522537231445,128,128,928,Generation,17792.701721191406
128,128,928,Generation,6721.49658203125,128,128,928,Generation,17814.63623046875
128,128,928,Generation,6707.906723022461,128,128,928,Generation,17765.99884033203
128,128,928,Generation,6715.7745361328125,128,128,928,Generation,18122.434616088867
128,128,928,Generation,6733.65592956543,128,128,928,Generation,18052.101135253906
128,128,928,Generation,6747.722625732422,128,128,928,Generation,17563.343048095703
128,128,928,Generation,6746.2921142578125,128,128,928,Generation,22963.04702758789
128,128,928,Generation,6726.741790771484,128,128,928,Generation,17862.558364868164
128,128,928,Generation,6734.132766723633,128,128,928,Generation,17731.189727783203
128,128,928,Generation,6746.053695678711,128,128,928,Generation,17397.88055419922
128,128,928,Generation,6736.993789672852,128,128,928,Generation,17609.119415283203
128,128,928,Generation,6741.762161254883,128,128,928,Generation,17692.80433654785
128,128,928,Generation,6734.609603881836,128,128,928,Generation,18014.907836914062
128,128,928,Generation,6767.511367797852,128,128,928,Generation,17704.96368408203
128,128,928,Generation,6774.187088012695,128,128,928,Generation,18791.19873046875
128,128,928,Generation,6764.888763427734,128,128,928,Generation,18659.114837646484
128,128,928,Generation,6766.080856323242,128,128,928,Generation,17526.14974975586
128,128,928,Generation,6750.1068115234375,128,128,928,Generation,22607.803344726562
128,128,928,Generation,6753.444671630859,128,128,928,Generation,19642.353057861328
128,128,928,Generation,6767.034530639648,128,128,928,Generation,20931.005477905273
128,128,928,Generation,6762.981414794922,128,128,928,Generation,22317.171096801758
128,128,928,Generation,6800.651550292969,128,128,928,Generation,22962.570190429688
128,128,928,Generation,6772.279739379883,128,128,928,Generation,20885.467529296875
128,128,928,Generation,6785.869598388672,128,128,928,Generation,22243.738174438477
128,128,928,Generation,6771.326065063477,128,128,928,Generation,21143.198013305664
128,128,928,Generation,6799.459457397461,128,128,928,Generation,22583.484649658203
128,128,928,Generation,6777.286529541016,128,128,928,Generation,22895.336151123047
128,128,928,Generation,6746.530532836914,128,128,928,Generation,23722.171783447266
128,128,928,Generation,6792.0684814453125,128,128,928,Generation,17950.057983398438
128,128,928,Generation,6796.121597290039,128,128,928,Generation,19227.027893066406
128,128,928,Generation,6799.459457397461,128,128,928,Generation,18016.338348388672
128,128,928,Generation,6799.221038818359,128,128,928,Generation,18288.850784301758
128,128,928,Generation,10348.55842590332,128,128,928,Generation,19827.36587524414
128,128,928,Generation,6855.964660644531,128,128,928,Generation,17606.019973754883
128,128,928,Generation,6816.864013671875,128,128,928,Generation,18012.76206970215
128,128,928,Generation,6822.5860595703125,128,128,928,Generation,17936.94496154785
128,128,928,Generation,6846.66633605957,128,128,928,Generation,17867.565155029297
128,128,928,Generation,6811.618804931641,128,128,928,Generation,17692.32749938965
128,128,928,Generation,6815.671920776367,128,128,928,Generation,17469.64454650879
128,128,928,Generation,6819.725036621094,128,128,928,Generation,17959.5947265625
128,128,928,Generation,6820.6787109375,128,128,928,Generation,18846.988677978516
128,128,928,Generation,6826.162338256836,128,128,928,Generation,16936.302185058594
128,128,928,Generation,6814.002990722656,128,128,928,Generation,17333.269119262695
128,128,928,Generation,6828.546524047852,128,128,928,Generation,17692.32749938965
128,128,928,Generation,6839.275360107422,128,128,928,Generation,17924.785614013672
128,128,928,Generation,6841.6595458984375,128,128,928,Generation,17214.059829711914
128,128,928,Generation,6849.527359008789,128,128,928,Generation,17842.29278564453
128,128,928,Generation,6840.229034423828,128,128,928,Generation,17331.361770629883
128,128,928,Generation,6844.758987426758,128,128,928,Generation,17555.47523498535
128,128,928,Generation,6856.679916381836,128,128,928,Generation,17363.786697387695
128,128,928,Generation,6848.335266113281,128,128,928,Generation,17387.62855529785
128,128,928,Generation,6858.110427856445,128,128,928,Generation,23546.457290649414
128,128,928,Generation,6859.064102172852,128,128,928,Generation,21978.378295898438
128,128,928,Generation,6853.818893432617,128,128,928,Generation,21491.76597595215
128,128,928,Generation,6874.799728393555,128,128,928,Generation,18340.587615966797
128,128,928,Generation,6853.818893432617,128,128,928,Generation,17415.285110473633
128,128,928,Generation,6862.878799438477,128,128,928,Generation,17696.857452392578
128,128,928,Generation,6875.038146972656,128,128,928,Generation,18023.014068603516
128,128,928,Generation,6862.878799438477,128,128,928,Generation,18070.697784423828
128,128,928,Generation,6845.474243164063,128,128,928,Generation,18182.992935180664
128,128,928,Generation,6878.61442565918,128,128,928,Generation,17821.788787841797
128,128,928,Generation,6881.952285766602,128,128,928,Generation,17967.46253967285
128,128,928,Generation,6748.199462890625,128,128,928,Generation,17919.063568115234
128,128,928,Generation,6630.182266235352,128,128,928,Generation,17634.63020324707
128,128,928,Generation,6918.668746948242,128,128,928,Generation,17748.117446899414
128,128,928,Generation,6922.006607055664,128,128,928,Generation,17321.109771728516
128,128,928,Generation,6914.854049682617,128,128,928,Generation,21271.467208862305
128,128,928,Generation,6894.588470458984,128,128,928,Generation,17380.237579345703
128,128,928,Generation,6909.608840942383,128,128,928,Generation,17328.262329101562
128,128,928,Generation,6917.9534912109375,128,128,928,Generation,20901.918411254883
128,128,928,Generation,6914.615631103516,128,128,928,Generation,21633.386611938477
128,128,928,Generation,6911.516189575195,128,128,928,Generation,21643.400192260742
128,128,928,Generation,6904.60205078125,128,128,928,Generation,21375.179290771484
128,128,928,Generation,6917.9534912109375,128,128,928,Generation,27090.54946899414
128,128,928,Generation,6924.152374267578,128,128,928,Generation,17756.938934326172
128,128,928,Generation,6913.423538208008,128,128,928,Generation,17453.19366455078
128,128,928,Generation,6921.7681884765625,128,128,928,Generation,24295.330047607422
128,128,928,Generation,6921.529769897461,128,128,928,Generation,24641.990661621094
128,128,928,Generation,6918.907165527344,128,128,928,Generation,17843.48487854004
128,128,928,Generation,6940.126419067383,128,128,928,Generation,17801.523208618164
128,128,928,Generation,6936.073303222656,128,128,928,Generation,18025.875091552734
128,128,928,Generation,6943.941116333008,128,128,928,Generation,17776.4892578125
128,128,928,Generation,6715.536117553711,128,128,928,Generation,17835.378646850586
128,128,928,Generation,6566.524505615234,128,128,928,Generation,17891.883850097656
128,128,928,Generation,6957.292556762695,128,128,928,Generation,18062.114715576172
128,128,928,Generation,6939.888000488281,128,128,928,Generation,17797.70851135254
128,128,928,Generation,6976.842880249023,128,128,928,Generation,17513.275146484375
128,128,928,Generation,6973.2666015625,128,128,928,Generation,17795.085906982422
128,128,928,Generation,7085.084915161133,128,128,928,Generation,18180.84716796875
128,128,928,Generation,7109.165191650391,128,128,928,Generation,17877.578735351562
128,128,928,Generation,7028.579711914063,128,128,928,Generation,17852.783203125
128,128,928,Generation,6959.676742553711,128,128,928,Generation,17318.010330200195
128,128,928,Generation,6972.074508666992,128,128,928,Generation,18045.663833618164
128,128,928,Generation,7105.112075805664,128,128,928,Generation,18028.25927734375
128,128,928,Generation,6977.558135986328,128,128,928,Generation,18258.81004333496
128,128,928,Generation,6972.312927246094,128,128,928,Generation,17248.63052368164
128,128,928,Generation,6964.921951293945,128,128,928,Generation,17679.214477539062
128,128,928,Generation,6959.676742553711,128,128,928,Generation,18038.74969482422
128,128,928,Generation,6987.094879150391,128,128,928,Generation,18176.555633544922
128,128,928,Generation,6964.921951293945,128,128,928,Generation,17846.107482910156
128,128,928,Generation,7008.31413269043,128,128,928,Generation,17807.0068359375
128,128,928,Generation,7019.758224487305,128,128,928,Generation,18077.611923217773
128,128,928,Generation,6997.108459472656,128,128,928,Generation,17806.529998779297
128,128,928,Generation,6989.240646362305,128,128,928,Generation,17976.999282836914
128,128,928,Generation,6987.810134887695,128,128,928,Generation,18503.189086914062
128,128,928,Generation,6980.180740356445,128,128,928,Generation,17772.674560546875
128,128,928,Generation,6989.717483520508,128,128,928,Generation,25560.14060974121
128,128,928,Generation,6979.942321777344,128,128,928,Generation,21236.181259155273
128,128,928,Generation,7004.499435424805,128,128,928,Generation,17286.77749633789
128,128,928,Generation,7008.552551269531,128,128,928,Generation,17516.613006591797
128,128,928,Generation,7030.248641967773,128,128,928,Generation,17381.42967224121
128,128,928,Generation,7019.758224487305,128,128,928,Generation,17235.517501831055
128,128,928,Generation,6999.015808105469,128,128,928,Generation,17463.68408203125
128,128,928,Generation,7002.353668212891,128,128,928,Generation,17756.70051574707
128,128,928,Generation,7021.427154541016,128,128,928,Generation,17513.513565063477
128,128,928,Generation,7004.976272583008,128,128,928,Generation,17611.50360107422
128,128,928,Generation,7017.374038696289,128,128,928,Generation,17530.67970275879
128,128,928,Generation,7006.645202636719,128,128,928,Generation,17732.858657836914
128,128,928,Generation,7035.732269287109,128,128,928,Generation,17972.469329833984
128,128,928,Generation,7028.341293334961,128,128,928,Generation,17417.90771484375
128,128,928,Generation,7019.04296875,128,128,928,Generation,17497.06268310547
128,128,928,Generation,7035.255432128906,128,128,928,Generation,16990.42320251465
128,128,928,Generation,7075.54817199707,128,128,928,Generation,18281.221389770508
128,128,928,Generation,7005.6915283203125,128,128,928,Generation,21058.79783630371
128,128,928,Generation,7037.878036499023,128,128,928,Generation,18947.362899780273
128,128,928,Generation,7044.792175292969,128,128,928,Generation,23166.656494140625
128,128,928,Generation,7036.685943603516,128,128,928,Generation,22785.186767578125
128,128,928,Generation,7068.157196044922,128,128,928,Generation,18377.54249572754
128,128,928,Generation,7030.725479125977,128,128,928,Generation,22569.656372070312
128,128,928,Generation,7048.606872558594,128,128,928,Generation,17678.499221801758
128,128,928,Generation,7067.441940307617,128,128,928,Generation,17849.92218017578
128,128,928,Generation,7068.157196044922,128,128,928,Generation,17091.035842895508
128,128,928,Generation,7072.210311889648,128,128,928,Generation,17137.05062866211
128,128,928,Generation,7077.693939208984,128,128,928,Generation,17407.41729736328
128,128,928,Generation,7063.865661621094,128,128,928,Generation,18016.09992980957
128,128,928,Generation,7071.733474731445,128,128,928,Generation,17704.72526550293
128,128,928,Generation,7110.118865966797,128,128,928,Generation,18293.85757446289
128,128,928,Generation,7105.588912963867,128,128,928,Generation,18042.802810668945
128,128,928,Generation,7101.0589599609375,128,128,928,Generation,17665.863037109375
128,128,928,Generation,7083.892822265625,128,128,928,Generation,17910.71891784668
128,128,928,Generation,7308.9599609375,128,128,928,Generation,18092.870712280273
128,128,928,Generation,7221.93717956543,128,128,928,Generation,18049.955368041992
128,128,928,Generation,7243.156433105469,128,128,928,Generation,21911.144256591797
128,128,928,Generation,7266.521453857422,128,128,928,Generation,17923.593521118164
128,128,928,Generation,7151.84211730957,128,128,928,Generation,17976.999282836914
128,128,928,Generation,7140.636444091797,128,128,928,Generation,17753.124237060547
128,128,928,Generation,7123.947143554688,128,128,928,Generation,17747.879028320312
128,128,928,Generation,7100.105285644531,128,128,928,Generation,17654.895782470703
128,128,928,Generation,7111.787796020508,128,128,928,Generation,17654.6573638916
128,128,928,Generation,7140.398025512695,128,128,928,Generation,17622.709274291992
128,128,928,Generation,7133.722305297852,128,128,928,Generation,17970.561981201172
128,128,928,Generation,7143.259048461914,128,128,928,Generation,18058.061599731445
128,128,928,Generation,7137.298583984375,128,128,928,Generation,18407.344818115234
128,128,928,Generation,7137.298583984375,128,128,928,Generation,17674.20768737793
128,128,928,Generation,7159.709930419922,128,128,928,Generation,17921.924591064453
